request_id,stt_s,process_s,total_s
r_002,3.481,0.004,3.485
r_004,2.742,0.005,2.747
r_006,2.871,0.024,2.895
r_008,2.876,0.011,2.887
r_010,2.887,0.011,2.898
r_012,2.780,0.011,2.791
r_014,2.768,0.011,2.779
r_016,2.907,0.008,2.915
r_018,2.768,0.004,2.772
r_020,2.879,0.005,2.884
r_022,2.900,0.015,2.915
r_024,2.961,0.011,2.971
r_026,2.852,0.008,2.859
r_028,2.812,0.007,2.820
r_030,2.873,0.008,2.881
r_032,2.810,0.008,2.817
r_034,2.731,0.004,2.735
r_036,2.881,0.004,2.884
r_038,3.006,0.011,3.017
r_040,3.033,0.011,3.044
r_042,3.080,0.008,3.087
r_044,3.157,0.007,3.164
r_046,3.289,0.008,3.296
r_048,3.194,0.008,3.202
r_050,2.904,0.006,2.910
r_052,2.871,0.005,2.876
r_054,2.864,0.016,2.880
r_056,2.872,0.016,2.889
r_058,2.885,0.013,2.898
r_060,3.046,0.024,3.070
r_062,2.909,0.012,2.921
r_064,2.914,0.012,2.926
r_066,2.799,0.005,2.804
r_068,2.789,0.005,2.794
r_070,2.900,0.013,2.912
r_072,3.014,0.012,3.026
r_074,2.997,0.012,3.009
r_076,2.874,0.012,2.886
r_078,2.883,0.013,2.896
r_080,2.909,0.012,2.921
r_082,2.794,0.014,2.808
r_084,2.793,0.003,2.796
r_086,3.072,0.010,3.082
r_088,3.065,0.010,3.075
r_090,2.994,0.009,3.003
r_092,3.098,0.010,3.107
r_094,3.043,0.007,3.050
r_096,3.068,0.010,3.079
r_098,2.939,0.001,2.940
r_100,2.920,0.002,2.922
r_102,3.085,0.008,3.093
r_104,3.063,0.007,3.070
r_106,3.174,0.009,3.183
r_108,3.202,0.004,3.206
r_110,3.073,0.004,3.077
r_112,3.273,0.005,3.278
r_114,2.984,0.005,2.989
r_116,3.204,0.004,3.208
r_118,3.099,0.015,3.114
r_120,2.961,0.011,2.972
r_122,2.936,0.010,2.946
r_124,3.026,0.008,3.034
r_126,3.190,0.008,3.198
r_128,2.998,0.008,3.006
r_130,2.920,0.003,2.923
r_132,2.912,0.003,2.915
r_134,2.893,0.011,2.904
r_136,2.941,0.015,2.955
r_138,2.915,0.011,2.925
r_140,3.116,0.010,3.126
r_142,3.257,0.008,3.265
r_144,3.271,0.008,3.279
r_146,2.878,0.004,2.882
r_148,2.924,0.004,2.928
r_150,2.968,0.013,2.982
r_152,2.946,0.010,2.957
r_154,3.016,0.007,3.024
r_156,3.064,0.007,3.071
r_158,2.995,0.010,3.004
r_160,3.084,0.007,3.092
