product_id,alias,script,language
P001,dove shampoo,latin,en
P001,dove shampu,latin,ta-en
P001,டவ் ஷாம்பு,tamil,ta
P001,डव शैम्पू,devanagari,hi
P002,colgate toothpaste,latin,en
P002,colgate paste,latin,ta-en
P002,கோல்கேட்,tamil,ta
P002,कोलगेट,devanagari,hi
P003,parle g biscuits,latin,en
P003,பார்லே ஜி,tamil,ta
P003,पारले जी,devanagari,hi
P004,aashirvaad atta,latin,en
P004,ஆசீர்வாத் ஆட்டா,tamil,ta
P004,आशीर्वाद आटा,devanagari,hi
P005,tata salt,latin,en
P005,tata uppu,latin,ta-en
P005,டாடா உப்பு,tamil,ta
P005,टाटा नमक,devanagari,hi
P006,amul butter,latin,en
P006,amul vennai,latin,ta-en
P006,அமுல் வெண்ணெய்,tamil,ta
P006,अमूल मक्खन,devanagari,hi
P007,maggi noodles,latin,en
P007,மேகி,tamil,ta
P007,मैगी,devanagari,hi
P008,surf excel,latin,en
P008,சர்ஃப் எக்செல்,tamil,ta
P008,सर्फ एक्सेल,devanagari,hi
P009,lifebuoy soap,latin,en
P009,லைஃப்பாய்,tamil,ta
P009,लाइफबॉय,devanagari,hi
P010,britannia bread,latin,en
P010,பிரிட்டானியா பிரெட்,tamil,ta
P010,ब्रिटानिया ब्रेड,devanagari,hi
P011,pears soap,latin,en
P012,dove conditioner,latin,en
P013,harpic toilet cleaner,latin,en
P014,vim dishwash liquid,latin,en
P015,ariel matic 1kg,latin,en
P016,tide detergent 1kg,latin,en
P017,thums up 750ml,latin,en
P018,coca-cola 750ml,latin,en
P019,pepsi 750ml,latin,en
P020,fanta 750ml,latin,en
P021,sprite 750ml,latin,en
P022,real fruit juice 1l,latin,en
P023,tata tea 250g,latin,en
P024,bru instant coffee 100g,latin,en
P025,nescafe classic 100g,latin,en
P026,aashirvaad maida 1kg,latin,en
P027,india gate basmati rice 5kg,latin,en
P028,fortune sunflower oil 1l,latin,en
P029,tata toor dal 1kg,latin,en
P030,sugar 1kg,latin,en
P031,aashirvaad multigrain atta 5kg,latin,en
P032,lay’s classic salted,latin,en
P033,kurkure masala munch,latin,en
P034,bingo mad angles,latin,en
P035,oreo original,latin,en
P036,good day cashew cookies,latin,en
P037,sunfeast dark fantasy,latin,en
P038,kitkat 2 finger,latin,en
P039,dairy milk silk,latin,en
P040,5 star chocolate,latin,en
P041,amul milk 500ml,latin,en
P042,amul curd 400g,latin,en
P043,amul cheese 200g,latin,en
P044,britannia marie gold,latin,en
P045,modern bread,latin,en
P046,haldiram’s bhujia 200g,latin,en
P047,dettol handwash 250ml,latin,en
P048,head & shoulders shampoo,latin,en
P049,closeup toothpaste,latin,en
P050,whisper ultra pads,latin,en
P001,दोफ शम्पू,devanagari,hi
P001,डव शम्पू,devanagari,hi
P001,டாஜ்ஷாம்பு,tamil,ta-en
P001,டாவ் ஷாம்பூ,tamil,ta
P041,amul milk,latin,en
P041,amul paal,latin,ta-en
P041,amul doodh,latin,hi
P041,அமுல் பால்,tamil,ta
P041,अमूल दूध,devanagari,hi
