product_id,name,category,price,currency,stock,aisle,shelf,x,y,node
P001,Dove Shampoo,Personal Care,249,INR,12,7,3,18,42,A7
P002,Colgate Toothpaste,Personal Care,95,INR,30,7,1,18,40,A7
P003,Parle-G Biscuits,Snacks,10,INR,80,2,2,6,12,A2
P004,Aashirvaad Atta 5kg,Staples,260,INR,15,4,1,10,22,A4
P005,Tata Salt 1kg,Staples,28,INR,40,4,2,10,24,A4
P006,Amul Butter,Dairy,58,INR,0,5,1,14,30,A5
P007,Maggi Noodles,Snacks,14,INR,60,2,3,6,14,A2
P008,Surf Excel 1kg,Household,135,INR,20,6,2,16,36,A6
P009,Lifebuoy Soap,Personal Care,35,INR,50,7,2,18,41,A7
P010,Britannia Bread,Bakery,45,INR,8,3,1,8,18,A3
P011,Pears Soap,Personal Care,52,INR,18,7,3,18,43,A7
P012,Dove Conditioner,Personal Care,189,INR,14,7,4,18,44,A7
P013,Harpic Toilet Cleaner,Household,110,INR,22,6,2,16,37,A6
P014,Vim Dishwash Liquid,Household,99,INR,25,6,3,16,38,A6
P015,Ariel Matic 1kg,Household,165,INR,16,6,4,16,39,A6
P016,Tide Detergent 1kg,Household,120,INR,20,6,5,16,40,A6
P017,Thums Up 750ml,Beverages,45,INR,35,1,2,4,8,A1
P018,Coca-Cola 750ml,Beverages,45,INR,28,1,3,4,10,A1
P019,Pepsi 750ml,Beverages,45,INR,30,1,4,4,12,A1
P020,Fanta 750ml,Beverages,45,INR,24,1,5,4,14,A1
P021,Sprite 750ml,Beverages,45,INR,26,1,6,4,16,A1
P022,Real Fruit Juice 1L,Beverages,120,INR,12,1,7,4,18,A1
P023,Tata Tea 250g,Beverages,145,INR,18,3,1,8,18,A3
P024,Bru Instant Coffee 100g,Beverages,175,INR,15,3,2,8,20,A3
P025,Nescafe Classic 100g,Beverages,190,INR,13,3,3,8,22,A3
P026,Aashirvaad Maida 1kg,Staples,55,INR,20,4,3,10,26,A4
P027,India Gate Basmati Rice 5kg,Staples,520,INR,10,4,4,10,28,A4
P028,Fortune Sunflower Oil 1L,Staples,145,INR,18,4,5,10,30,A4
P029,Tata Toor Dal 1kg,Staples,165,INR,16,4,6,10,32,A4
P030,Sugar 1kg,Staples,48,INR,35,4,7,10,34,A4
P031,Aashirvaad Multigrain Atta 5kg,Staples,340,INR,9,4,8,10,36,A4
P032,Lay’s Classic Salted,Snacks,20,INR,60,2,4,6,16,A2
P033,Kurkure Masala Munch,Snacks,20,INR,55,2,5,6,18,A2
P034,Bingo Mad Angles,Snacks,20,INR,42,2,6,6,20,A2
P035,Oreo Original,Snacks,40,INR,32,2,7,6,22,A2
P036,Good Day Cashew Cookies,Snacks,40,INR,30,2,8,6,24,A2
P037,Sunfeast Dark Fantasy,Snacks,40,INR,27,2,9,6,26,A2
P038,KitKat 2 Finger,Chocolates,30,INR,25,8,1,20,42,A8
P039,Dairy Milk Silk,Chocolates,80,INR,18,8,2,20,44,A8
P040,5 Star Chocolate,Chocolates,20,INR,35,8,3,20,46,A8
P041,Amul Milk 500ml,Dairy,30,INR,40,5,2,14,32,A5
P042,Amul Curd 400g,Dairy,35,INR,24,5,3,14,34,A5
P043,Amul Cheese 200g,Dairy,125,INR,15,5,4,14,36,A5
P044,Britannia Marie Gold,Bakery,30,INR,36,3,4,8,24,A3
P045,Modern Bread,Bakery,45,INR,10,3,5,8,26,A3
P046,Haldiram’s Bhujia 200g,Snacks,55,INR,22,2,10,6,28,A2
P047,Dettol Handwash 250ml,Personal Care,95,INR,19,7,5,18,46,A7
P048,Head & Shoulders Shampoo,Personal Care,210,INR,11,7,6,18,48,A7
P049,Closeup Toothpaste,Personal Care,90,INR,17,7,7,18,50,A7
P050,Whisper Ultra Pads,Personal Care,110,INR,14,7,8,18,52,A7
